Filename,Description,Emotion
000608.jpg,a man with glasses and a black shirt,Neutral
000634.jpg,a woman with long blonde hair and a white shirt,Neutral
000152.jpg,a woman in glasses smiling at the camera,Neutral
000146.jpg,a woman with long brown hair and bangs,Neutral
000620.jpg,a man with a long beard and a beard,happy
000191.jpg,a woman with blonde hair and blue eyes,Neutral
000185.jpg,a woman with long hair and a pink dress,Neutral
000378.jpg,a man with a mustache and a mustache,Neutral
000350.jpg,a man with sunglasses and a white shirt,Neutral
000436.jpg,a woman with red hair and a black shirt,Neutral
000422.jpg,a woman with a black jacket and a white shirt,Neutral
000344.jpg,a woman with blonde hair and blue eyes,Neutral
000393.jpg,a man in a suit and tie smiling,Neutral
000387.jpg,a woman with red hair and a white shirt,Neutral
000218.jpg,a woman with blonde hair and a white shirt,Neutral
000224.jpg,a man with a beard and a beard,Neutral
000542.jpg,a man in a suit and tie is smiling,Neutral
000556.jpg,a young girl smiling at the camera,Neutral
000230.jpg,a man in a suit and tie smiling,Neutral
000581.jpg,a man in sunglasses and a hat,Neutral
000595.jpg,a woman with long hair and a white shirt,happy
000026.jpg,a woman in a black scarf and a black scarf,neutral
000032.jpg,a man in a suit and tie is looking at the camera,angry
000033.jpg,a man in a suit and tie posing for a picture,neutral
000027.jpg,a woman with long hair and a white shirt,Neutral
000594.jpg,a woman with long hair and a black dress,neutral
000580.jpg,a woman wearing a straw hat,neutral
000557.jpg,a woman with her hand on her face,Neutral
000231.jpg,a woman with a pink dress and a white shirt,Neutral
000225.jpg,a woman with a black shirt and a black hat,happy
000543.jpg,a man with a beard and a black shirt,Neutral
000219.jpg,a woman with long hair and a black shirt,Neutral
000386.jpg,a man in a suit and tie smiling,neutral
000392.jpg,a woman wearing glasses and a black shirt,Neutral
000423.jpg,a woman with a black and white photo,Neutral
000345.jpg,a woman with long hair and a black shirt,Neutral
000351.jpg,a woman with blonde hair and a blue shirt,Neutral
000437.jpg,a man with a big smile on his face,Neutral
000379.jpg,a woman with long hair and a green shirt,Neutral
000184.jpg,a woman in a hat and jacket sitting in a car,Neutral
000190.jpg,a woman with blonde hair and a black shirt,neutral
000147.jpg,a woman with blonde hair and a white shirt,Neutral
000621.jpg,a woman in a white shirt and tie,happy
000635.jpg,a woman in a pink hat and a man in a suit,Neutral
000153.jpg,a man in a suit and tie smiling,Neutral
000609.jpg,a woman with long blonde hair and a black shirt,Neutral
000179.jpg,a woman with a black dress and a white shirt,Neutral
000623.jpg,a man smiling and wearing a suit,Neutral
000145.jpg,a woman with long black hair smiling,happy
000151.jpg,a woman with long hair smiling at the camera,happy
000637.jpg,a man in a black hat and black shirt,Neutral
000186.jpg,a woman with blonde hair and a white shirt,Neutral
000192.jpg,a woman with long brown hair and green eyes,Neutral
000409.jpg,a man with a black shirt and a white shirt,Neutral
000347.jpg,a woman with blonde hair and a white shirt,Neutral
000421.jpg,a woman with blonde hair and blue eyes,Neutral
000435.jpg,a woman with long hair smiling at the camera,Neutral
000353.jpg,a young girl with long brown hair smiling,happy
000384.jpg,a woman with long hair and a white shirt,Neutral
000390.jpg,a man with a beard and a suit,sad
000569.jpg,a man in a suit and tie smiling,Neutral
000233.jpg,a woman with a black hair and a white shirt,Neutral
000555.jpg,a man smiling and wearing a suit,Neutral
000541.jpg,a woman with long hair and a red lipstick,neutral
000227.jpg,a man with a beard and a beard,Neutral
000596.jpg,a man in a suit and tie speaking into a microphone,fear
000582.jpg,a woman with blonde hair and a white shirt,Neutral
000019.jpg,a blonde woman with long hair and a black shirt,Neutral
000031.jpg,a woman in a black jacket smiling,Neutral
000025.jpg,a man in a suit and tie,Neutral
000024.jpg,a woman with long blonde hair and a white shirt,Neutral
000030.jpg,a man with blonde hair and a black shirt,Neutral
000018.jpg,a woman with blonde hair and a leopard print shirt,Neutral
000583.jpg,a man in a purple shirt smiling,happy
000597.jpg,a woman with long hair and a white shirt,Neutral
000540.jpg,a woman with long hair and a black shirt,happy
000226.jpg,a man in a black shirt smiling,happy
000232.jpg,a woman with a smile on her face,Neutral
000554.jpg,a woman with long hair and a black top,neutral
000568.jpg,a young girl smiling for the camera,Neutral
000391.jpg,a woman with long brown hair smiling,Neutral
000385.jpg,a man smiling while he looks up at the camera,Neutral
000434.jpg,a young man with a black jacket and tie,Neutral
000352.jpg,a young man with blonde hair and a black shirt,Neutral
000346.jpg,a man in a blue jacket and yellow jacket,Neutral
000420.jpg,a woman with blonde hair and blue eyes,Neutral
000408.jpg,a man in a straw hat with a blue shirt,Neutral
000193.jpg,a man with sunglasses on and a white shirt,Neutral
000187.jpg,a man with a black shirt and a white shirt,Neutral
000150.jpg,a man with red hair and a white shirt,Neutral
000636.jpg,a man smiling and wearing a black shirt,happy
000622.jpg,a man with a beard and a suit,neutral
000144.jpg,a man with long hair and sunglasses,Neutral
000178.jpg,a woman with blonde hair and blue eyes,Neutral
000140.jpg,a woman with blonde hair and a white wig,Neutral
000626.jpg,a woman with red hair and a black shirt,Neutral
000632.jpg,a woman with long brown hair smiling,happy
000154.jpg,a man in a hat and sunglasses,Neutral
000168.jpg,a woman with a smile on her face,Neutral
000183.jpg,a woman with a big smile on her face,Neutral
000197.jpg,a man with a tie and a suit,Neutral
000424.jpg,a woman with short hair and a black dress,Neutral
000342.jpg,a woman with long hair and a white shirt,Neutral
000356.jpg,a woman with a white shirt and black hair,Neutral
000430.jpg,a man in a black shirt and a black jacket,Neutral
000418.jpg,a man in a white shirt and black tie,Neutral
000381.jpg,a woman with a black jacket and a white shirt,Neutral
000395.jpg,a woman with long blonde hair and a white shirt,Neutral
000550.jpg,a woman in a white shirt and blue shirt,Neutral
000236.jpg,a woman with long hair and a white shirt,happy
000222.jpg,a young girl with a white shirt and a black shirt,happy
000544.jpg,a woman with long brown hair and a white shirt,Neutral
000578.jpg,a man in a suit and tie sitting at a table,Neutral
000593.jpg,a man in a suit smiling and holding a microphone,Neutral
000587.jpg,a man in a black jacket and tie,surprise
000034.jpg,a woman with long hair and a black top,neutral
000020.jpg,a man with long hair and beards,fear
000008.jpg,a man in a suit and tie posing for a photo,neutral
000009.jpg,a woman with brown hair and a green dress,Neutral
000021.jpg,a man in a suit and tie smiling,happy
000035.jpg,a woman with a black dress and a red lipstick,Neutral
000586.jpg,a man in a black jacket and white shirt,Neutral
000592.jpg,a man in a suit and tie smiling,Neutral
000579.jpg,a woman with a smile on her face,happy
000223.jpg,a man holding a medal in his hand,Neutral
000545.jpg,a young man with curly hair and blue jacket,neutral
000551.jpg,a woman with long hair and blue eyes,Neutral
000237.jpg,a man in a suit and sunglasses,Neutral
000394.jpg,a woman with long black hair and a black scarf,happy
000380.jpg,a man with blonde hair and a white shirt,Neutral
000419.jpg,a woman with red hair and green eyes,Neutral
000357.jpg,a woman with blonde hair and blue eyes,happy
000431.jpg,a woman with blonde hair and a black dress,Neutral
000425.jpg,a man in a blue shirt and tie smiling,happy
000343.jpg,a woman with blonde hair and a red lipstick,Neutral
000196.jpg,a man in uniform smiling at the camera,Neutral
000182.jpg,a mug shot of a man in a black shirt,Neutral
000169.jpg,a young boy with a basketball ball in his hand,Neutral
000633.jpg,a woman with dark hair and a black dress,happy
000155.jpg,a woman with long red hair and a red dress,happy
000141.jpg,lady gaga gaga gaga gaga gaga gaga gaga gaga gaga gaga gaga gaga gaga gaga gaga gaga gaga gaga gaga,Neutral
000627.jpg,a woman with red hair and a black shirt,Neutral
000157.jpg,a woman with long blonde hair and a hat,Neutral
000631.jpg,a young girl smiling for the camera,happy
000625.jpg,a man with a beard and a white shirt,Neutral
000143.jpg,a man in a suit and tie posing for a photo,neutral
000619.jpg,a man with a beard and a red shirt,neutral
000194.jpg,a man in a suit and tie waving,Neutral
000180.jpg,a woman with short hair and a black dress,Neutral
000433.jpg,a man in a pink shirt and a white shirt,Neutral
000355.jpg,a man with a white shirt and tie,neutral
000341.jpg,a woman with blonde hair and a red lipstick,Neutral
000427.jpg,a man with a beard and a white shirt,Neutral
000369.jpg,a woman in a blue shirt and tie,Neutral
000396.jpg,a woman with long hair and a black dress,Neutral
000382.jpg,a woman with blonde hair and a white shirt,Neutral
000547.jpg,a woman with long hair and a black shirt,Neutral
000221.jpg,a man in a suit and tie,neutral
000235.jpg,a man with a beard and a white shirt,neutral
000553.jpg,a woman with long blonde hair and blue eyes,happy
000209.jpg,a man in a suit and tie smiling,Neutral
000584.jpg,a man in a white hat and a green shirt,Neutral
000590.jpg,a man with long hair and a black shirt,happy
000023.jpg,a man in a blue shirt and white shirt,happy
000037.jpg,a man in a black hat and a baseball cap,Neutral
000036.jpg,a man with a mohawk and a white shirt,Neutral
000022.jpg,a woman with blonde hair and blue eyes,Neutral
000591.jpg,a man in a suit and tie,Neutral
000585.jpg,a man in a suit and tie posing for a photo,neutral
000208.jpg,a woman with long hair and a smile,Neutral
000234.jpg,a man with glasses and a black jacket,Neutral
000552.jpg,a man with a black shirt and a black shirt,Neutral
000546.jpg,a man with a beard and a red shirt,Neutral
000220.jpg,a boy with blonde hair,angry
000383.jpg,a man with glasses and a suit,Neutral
000397.jpg,a woman with long hair and a black top,neutral
000368.jpg,a man in a suit and tie standing in front of a tree,happy
000340.jpg,a man in a suit and tie smiling,happy
000426.jpg,a woman with long hair,Neutral
000432.jpg,a woman with blonde hair and a white shirt,Neutral
000354.jpg,a woman with long black hair and a white shirt,happy
000181.jpg,a man smiling and wearing a suit,Neutral
000195.jpg,a man wearing a cowboy hat,happy
000195.jpg,a black and white photo of a car,Neutral
000618.jpg,anusha mukherjee in a black dress,Neutral
000624.jpg,a man in a suit and sunglasses,Neutral
000142.jpg,a woman with long hair and a black shirt,neutral
000156.jpg,a woman with blonde hair and a blue shirt,Neutral
000630.jpg,a man with a black shirt and a white shirt,Neutral
000119.jpg,a man with long red hair and glasses,surprise
000131.jpg,a woman with long hair smiling at the camera,Neutral
000125.jpg,a man in a suit and tie smiling,sad
000469.jpg,a woman with long hair and a black shirt,sad
000455.jpg,a woman with long black hair and a red lipstick,happy
000333.jpg,a baseball player wearing a hat and a uniform,Neutral
000327.jpg,a woman with long black hair and red lipstick,Neutral
000441.jpg,a woman in a black and white photo,Neutral
000496.jpg,a woman with long hair and a hat,Neutral
000482.jpg,a young boy wearing glasses,Neutral
000509.jpg,a woman smiling and wearing a black shirt,Neutral
000521.jpg,a man in a white jacket and a white jacket,Neutral
000247.jpg,a woman with blonde hair and a white shirt,Neutral
000253.jpg,a man in a red shirt,Neutral
000253.jpg,a man with a beard and a beard,Neutral
000535.jpg,a man in a suit and tie smiles at the camera,Neutral
000284.jpg,a man in a suit and tie smiling,neutral
000290.jpg,a woman with dark hair and a red lipstick,neutral
000079.jpg,a man in a black shirt and tie,Neutral
000045.jpg,a woman with long hair and a smile,Neutral
000051.jpg,a man with a black shirt and a white shirt,Neutral
000086.jpg,a woman with a white shirt and a necklace,Neutral
000092.jpg,a woman with blonde hair and a white shirt,happy
000093.jpg,a woman wearing sunglasses and a black shirt,Neutral
000087.jpg,a woman with a smile on her face,happy
000050.jpg,a man smiling and wearing a blue shirt,happy
000044.jpg,a woman with a flower in her hair,Neutral
000078.jpg,a woman with long hair and red lipstick,Neutral
000291.jpg,joan lue,Neutral
000285.jpg,a woman with long hair and a black dress,happy
000252.jpg,a woman with blonde hair and a white shirt,Neutral
000534.jpg,a man in a white shirt and tie smiling,Neutral
000520.jpg,an older man with red glasses and a white shirt,Neutral
000246.jpg,a woman with long black hair and a white shirt,Neutral
000508.jpg,a woman with long black hair smiling,happy
000483.jpg,a woman with blonde hair and blue eyes,Neutral
000497.jpg,a woman with long blonde hair and a red lipstick,Neutral
000326.jpg,a woman with blonde hair and a white shirt,neutral
000440.jpg,a man in a suit and tie smiling,Neutral
000454.jpg,a woman with blonde hair and a white shirt,Neutral
000332.jpg,a woman with a black hair and a necklace,Neutral
000468.jpg,a woman with long blonde hair and a white shirt,Neutral
000124.jpg,a woman with a black hair and a blue shirt,Neutral
000130.jpg,a man in a suit and tie smiling,Neutral
000118.jpg,a woman with a black dress and a red lipstick,Neutral
000126.jpg,a woman with blonde hair and blue eyes,Neutral
000132.jpg,a woman with long hair and a green dress,happy
000318.jpg,a man in a suit and tie smiling,Neutral
000442.jpg,a woman with long blonde hair and blue eyes,neutral
000324.jpg,a man in a suit and tie smiling,Neutral
000330.jpg,a man in a suit and tie smiling,Neutral
000456.jpg,a young man with a smile on his face,happy
000481.jpg,a man with a beard and a jacket,Neutral
000495.jpg,a woman with blonde hair and a white shirt,happy
000278.jpg,a woman with blonde hair and a green dress,happy
000536.jpg,a woman with long hair and a black shirt,Neutral
000250.jpg,a man in a black jacket and tie,Neutral
000244.jpg,a man with a beard and a beard,neutral
000522.jpg,a woman with a pink lipstick and a black hair,Neutral
000293.jpg,a man with a black shirt,Neutral
000287.jpg,a woman with long blonde hair and blue eyes,Neutral
000052.jpg,a man with a black shirt and a black jacket,Neutral
000046.jpg,a woman with black hair and a white shirt,Neutral
000091.jpg,a man in a tuxed tuxed tuxed tuxed tuxed tuxed tuxed tuxed,Neutral
000085.jpg,a woman with long hair and blue eyes,happy
000084.jpg,a woman with grey hair and a white shirt,Neutral
000090.jpg,a man in a suit and tie,Neutral
000047.jpg,a woman with long hair and a black jacket,Neutral
000053.jpg,a man with sunglasses on and a white shirt,Neutral
000286.jpg,a man in a suit and tie smiling,neutral
000292.jpg,a woman with a black hat and a black shirt,fear
000245.jpg,a man with a beard smiles at the camera,Neutral
000523.jpg,a woman with blonde hair and blue eyes,Neutral
000537.jpg,a man in a suit and tie,neutral
000251.jpg,a woman with blonde hair and a black shirt,Neutral
000251.jpg,a black cat laying on a red couch,Neutral
000279.jpg,a woman with long hair and red lipstick,Neutral
000494.jpg,a woman with long hair and a black top,Neutral
000480.jpg,a woman with long brown hair and a white shirt,neutral
000331.jpg,a young man in a black jacket and tie,Neutral
000457.jpg,a woman with long hair and a white shirt,Neutral
000443.jpg,a man with a beard and a black shirt,Neutral
000325.jpg,a woman with blonde hair and blue eyes,Neutral
000319.jpg,a woman with long blonde hair and black eyes,Neutral
000133.jpg,a woman with blonde hair and a black top,happy
000127.jpg,a man in a suit and tie smiling,neutral
000123.jpg,a man in a black shirt and tie,sad
000137.jpg,rory stewart,Neutral
000321.jpg,a man in a suit and tie smiling,Neutral
000447.jpg,a man wearing sunglasses and a white shirt,Neutral
000453.jpg,a woman with blonde hair and a black shirt,Neutral
000335.jpg,a man wearing a helmet and sunglasses,Neutral
000309.jpg,a woman with long hair and a black shirt,Neutral
000484.jpg,a young boy wearing glasses and a tie,Neutral
000490.jpg,a man with long hair and a beard,Neutral
000255.jpg,a young man with a black shirt and a white shirt,neutral
000533.jpg,a woman in a white shirt and a black shirt,Neutral
000527.jpg,a woman with long hair and a microphone,Neutral
000241.jpg,a woman with a blue shirt and a white shirt,Neutral
000269.jpg,a woman with a red lipstick and a black dress,Neutral
000296.jpg,a woman with long hair and a white shirt,happy
000282.jpg,a man in a suit and tie smiling,Neutral
000057.jpg,a woman with black hair and a white dress,Neutral
000043.jpg,a woman with long hair and a black dress,happy
000094.jpg,a woman with blonde hair and a white shirt,Neutral
000080.jpg,a man in a green shirt and black jacket,neutral
000081.jpg,a man smiling and wearing a black shirt,Neutral
000095.jpg,a young boy wearing a hat and looking at the camera,Neutral
000042.jpg,a woman with blonde hair and blue eyes,happy
000056.jpg,a woman with long black hair and a black shirt,neutral
000283.jpg,a woman with a microphone in her hand,Neutral
000297.jpg,a man in a suit and tie,neutral
000268.jpg,a woman with long hair and a black shirt,Neutral
000526.jpg,a man in a suit and tie standing next to a microphone,Neutral
000240.jpg,a woman with long hair and a black shirt,Neutral
000254.jpg,a woman with long hair and a hat,happy
000532.jpg,a woman with green hair and earrings,Neutral
000491.jpg,a woman with red hair and blue eyes,Neutral
000485.jpg,a woman with blonde hair and blue eyes,Neutral
000308.jpg,a woman with a black wig and red lipstick,Neutral
000452.jpg,a man with a mustache and a suit,Neutral
000334.jpg,a young girl with long blonde hair and a smile,Neutral
000320.jpg,a man with long hair and a black shirt,Neutral
000446.jpg,a woman with short hair and a pink background,Neutral
000136.jpg,a man with a beard and a beard,Neutral
000122.jpg,a woman with blonde hair and a red jacket,Neutral
000134.jpg,a man smiling and wearing a suit,Neutral
000120.jpg,a man with a bald haircut smiling,Neutral
000108.jpg,a woman with blonde hair and blue eyes,Neutral
000336.jpg,a young man with a black shirt and a white shirt,Neutral
000450.jpg,a man in a suit and tie,Neutral
000444.jpg,a man in a suit and tie with glasses,Neutral
000322.jpg,a woman with blonde hair and blue eyes,happy
000478.jpg,a woman with long hair and a black shirt,happy
000493.jpg,jennifer brsen,happy
000487.jpg,a woman with long hair smiling at the camera,Neutral
000242.jpg,a man with a black shirt and a white shirt,Neutral
000524.jpg,a woman with a smile on her face,Neutral
000530.jpg,a woman with a black hoodie and a white background,Neutral
000256.jpg,a young woman with long hair and a white shirt,Neutral
000518.jpg,a man with a white shirt and tie smiling,Neutral
000281.jpg,a woman with long hair and a white shirt,Neutral
000295.jpg,a man in a green jacket smiles at the camera,Neutral
000040.jpg,demini is a beautiful woman,happy
000054.jpg,a woman with blonde hair and blue eyes,Neutral
000068.jpg,a man in a hat and jacket,Neutral
000083.jpg,a woman with long hair and a red lipstick,happy
000097.jpg,a woman with long brown hair and blue eyes,neutral
000096.jpg,a woman with long hair and a black dress,Neutral
000082.jpg,a man in a suit and tie smiling,Neutral
000069.jpg,a man in a suit and tie looking up,neutral
000055.jpg,a man in a suit and tie posing for a photo,neutral
000041.jpg,a man with long hair and a black jacket,Neutral
000294.jpg,a man with a black shirt and a white shirt,Neutral
000280.jpg,a woman with short hair and a black dress,Neutral
000519.jpg,a woman with long hair and a black jacket,Neutral
000531.jpg,a woman with long hair and a necklace,Neutral
000257.jpg,a woman with red hair and blue eyes,Neutral
000243.jpg,a woman in a white hat and a white shirt,Neutral
000525.jpg,a woman with long hair and a white shirt,happy
000486.jpg,a man with a beard and a black shirt,Neutral
000492.jpg,a woman with blonde hair and blue eyes,happy
000479.jpg,a man in a black shirt and a white shirt,Neutral
000445.jpg,a woman with long hair and a black shirt,Neutral
000323.jpg,a woman with long hair and a black shirt,Neutral
000337.jpg,a woman with long hair and blue eyes,neutral
000451.jpg,a woman wearing glasses and a white shirt,Neutral
000109.jpg,a man in a suit and tie posing for a photo,Neutral
000121.jpg,a woman with long hair and bangs,Neutral
000135.jpg,a man in a suit and tie smiling,Neutral
000138.jpg,a man in a hat and jacket is smiling,Neutral
000110.jpg,a young girl with short hair and a white shirt,Neutral
000104.jpg,a man in a blue shirt smiling at the camera,Neutral
000448.jpg,a man with a mustache and a black shirt,Neutral
000474.jpg,a man with a mustache and a shirt,Neutral
000312.jpg,a young girl with curly hair,Neutral
000306.jpg,a man in a suit and tie standing in front of a crowd,Neutral
000460.jpg,a man with long hair and a beard,Neutral
000528.jpg,a woman with blonde hair and blue eyes,happy
000500.jpg,a man with glasses and a red shirt,Neutral
000266.jpg,a man in sunglasses and a green shirt,Neutral
000272.jpg,a man with a mustache and a black shirt,Neutral
000514.jpg,a woman with a black dress and earrings,Neutral
000299.jpg,a man in a suit and tie smiling,Neutral
000058.jpg,a woman with long hair and blue eyes,Neutral
000064.jpg,a man with a beard and a white shirt,Neutral
000070.jpg,a man with a tie and a suit,Neutral
000071.jpg,a woman with blonde hair and a black dress,Neutral
000065.jpg,a man in a green shirt is smiling,Neutral
000059.jpg,a woman with long hair and a black dress,Neutral
000298.jpg,a man smiling and wearing a suit,Neutral
000273.jpg,a woman with long blonde hair and a white shirt,Neutral
000515.jpg,a man in a suit and tie posing for a photo,neutral
000501.jpg,a man in a black hat smiles at the camera,Neutral
000267.jpg,a woman with long hair and a black dress,neutral
000529.jpg,a man in a suit and tie looking away,Neutral
000307.jpg,a man with a beard and a blue shirt,Neutral
000461.jpg,a man with a mustache and mustaches,Neutral
000475.jpg,gwyne at the premiere of the film,Neutral
000313.jpg,a man in a suit and tie smiling,Neutral
000449.jpg,a man in a suit and tie posing for a photo,sad
000105.jpg,a young boy with blonde hair and a white shirt,Neutral
000111.jpg,a woman with blonde hair and a white shirt,Neutral
000139.jpg,a woman with long hair and a white shirt,neutral
000107.jpg,jennifer ' s secrets star jennifer ' s secrets star jennifer ' s secrets star jennifer ',happy
000113.jpg,a man with a bald hair,Neutral
000339.jpg,a man in a gray shirt is looking at the camera,Neutral
000463.jpg,a woman with long hair and a white shirt,neutral
000305.jpg,a woman with short hair and a green dress,Neutral
000311.jpg,a man with a beard and a black shirt,neutral
000477.jpg,a man in a suit and tie is smiling,Neutral
000488.jpg,a woman with long brown hair and a black shirt,angry
000259.jpg,a woman with long brown hair and a black shirt,Neutral
000517.jpg,a young girl smiling at the camera,Neutral
000271.jpg,a woman with blonde hair and a black shirt,Neutral
000265.jpg,a man with a white shirt and a tie,Neutral
000503.jpg,a woman with blonde hair and a white shirt,Neutral
000073.jpg,a woman with long hair and a black dress,Neutral
000067.jpg,a man in a suit and tie sitting down,Neutral
000098.jpg,a woman with long hair and a black top,neutral
000099.jpg,a woman with long hair and a pink dress,Neutral
000066.jpg,a woman with a smile on her face,Neutral
000072.jpg,a man in a suit and tie smiling,happy
000264.jpg,a man in a suit and tie is looking at the camera,angry
000502.jpg,a woman with long hair and blue eyes,neutral
000516.jpg,a young girl with blonde hair and a white shirt,neutral
000270.jpg,a woman with long hair and a smile,happy
000258.jpg,a woman with long hair and a black dress,neutral
000489.jpg,a woman with brown hair and a black jacket,happy
000310.jpg,an older man wearing sunglasses and a suit,Neutral
000476.jpg,a woman with long blonde hair and a yellow hat,Neutral
000462.jpg,a woman with long brown hair and a white shirt,happy
000304.jpg,a young girl with blonde hair and blue eyes,Neutral
000338.jpg,a woman with blonde hair and a white shirt,Neutral
000112.jpg,a woman with blonde hair and blue eyes,happy
000106.jpg,a woman with a white shirt and a red lipstick,Neutral
000102.jpg,a man with glasses and a beard,Neutral
000116.jpg,a young man in a suit and tie smiling,happy
000300.jpg,a man with glasses smiling at the camera,Neutral
000466.jpg,a woman with long hair and a red lipstick,Neutral
000472.jpg,a woman with long red hair and a black dress,happy
000314.jpg,a man with a black hat and a white shirt,Neutral
000328.jpg,a woman with long hair and a black dress,Neutral
000499.jpg,a woman with a surprised look on her face,Neutral
000274.jpg,a man in a suit smiling at the camera,happy
000512.jpg,a man in a black shirt and a white shirt,Neutral
000506.jpg,a woman with long hair and a white shirt,happy
000260.jpg,a woman with long hair and a black shirt,Neutral
000248.jpg,a man in a suit and tie is talking,angry
000076.jpg,a man with a beard and a black shirt,happy
000062.jpg,a woman with long hair and bangs,Neutral
000089.jpg,a woman with long hair and a black shirt,Neutral
000088.jpg,a woman with long hair and a black shirt,Neutral
000063.jpg,a woman with blonde hair and a smile,Neutral
000077.jpg,a woman with long hair and a white shirt,Neutral
000249.jpg,a woman with short hair and a white shirt,Neutral
000507.jpg,a woman holding a rose in her hand,Neutral
000261.jpg,the vampire diaries,Neutral
000275.jpg,a woman wearing sunglasses and a black shirt,Neutral
000513.jpg,a woman with blonde hair and a green jacket,Neutral
000498.jpg,a man in a blue jacket and tie,Neutral
000329.jpg,a man in a suit and tie posing for a photo,Neutral
000473.jpg,a man in a suit and tie is looking at the camera,fear
000315.jpg,a woman with a white shirt and black hair,neutral
000301.jpg,a woman with long hair and a white shirt,happy
000467.jpg,a woman with long hair and a white shirt,Neutral
000117.jpg,"the cover of the album, ' the best of the best of the best '",Neutral
000103.jpg,a woman with long hair and a white shirt,Neutral
000115.jpg,a bald bald bald bald bald bald bald bald bald bald bald bald bald bald bald bald bald bald bald,fear
000101.jpg,a woman with a white shirt and black hair,happy
000129.jpg,adam vandere,Neutral
000317.jpg,a woman with blonde hair smiling and wearing a black shirt,Neutral
000471.jpg,a woman with blonde hair and blue eyes,Neutral
000465.jpg,a man in a hat and coat,Neutral
000303.jpg,a woman with long hair and a black dress,Neutral
000459.jpg,a young man with a short haircut,Neutral
000263.jpg,a woman with long brown hair and a black shirt,fear
000505.jpg,a woman in a suit and tie standing in front of a tree,Neutral
000511.jpg,a man in a turbal,happy
000277.jpg,a young boy with curly hair and a black jacket,happy
000539.jpg,a woman with long black hair and a white dress,Neutral
000288.jpg,a woman with blonde hair and a black shirt,neutral
000061.jpg,a man with a cigarette in his mouth,Neutral
000075.jpg,a woman with long hair and a black dress,Neutral
000049.jpg,a man with glasses and a black shirt,Neutral
000048.jpg,a man with long hair and a black shirt,Neutral
000074.jpg,a woman in a white hat and black dress,Neutral
000060.jpg,a man in a blue shirt and a red banda,Neutral
000289.jpg,a woman with long hair and a white shirt,Neutral
000538.jpg,a woman with long hair and a black shirt,Neutral
000510.jpg,a woman with blonde hair and blue eyes,happy
000276.jpg,a man with glasses and a bow tie,Neutral
000262.jpg,a woman with long black hair smiling,happy
000504.jpg,a woman with long hair smiling at the camera,Neutral
000458.jpg,a woman with blonde hair and a blue jacket,Neutral
000464.jpg,a woman with a black dress and a red lipstick,Neutral
000302.jpg,a woman with blonde hair and a white shirt,Neutral
000316.jpg,a man with a beard and a suit,Neutral
000470.jpg,a woman with short hair and a blue shirt,Neutral
000128.jpg,a woman with red hair and green sweater,Neutral
000100.jpg,a woman with blonde hair and a red lipstick,Neutral
000114.jpg,a young man in a suit and tie,happy
000629.jpg,a man in a suit and tie smiling,Neutral
000615.jpg,a woman with long blonde hair and blue eyes,fear
000173.jpg,a woman in a red dress smiling,Neutral
000167.jpg,a woman with long blonde hair and a white shirt,Neutral
000601.jpg,a woman with a hat on her head,neutral
000198.jpg,a woman with long hair and a black shirt,Neutral
000359.jpg,a woman with short hair and a black shirt,happy
000371.jpg,a woman with blonde hair and blue eyes,Neutral
000417.jpg,a woman with blonde hair and a gray shirt,Neutral
000403.jpg,a man in a baseball hat and a baseball cap,neutral
000365.jpg,a young boy with blonde hair and a blue shirt,Neutral
000239.jpg,a woman with blonde hair and a blue dress,happy
000205.jpg,a man with a beard and a red shirt,Neutral
000563.jpg,a man in a suit and tie smiling,Neutral
000577.jpg,a man with long hair,Neutral
000211.jpg,a woman with long black hair and a white shirt,neutral
000588.jpg,a woman with long hair and a hat,Neutral
000007.jpg,a man with a black shirt and a white shirt,neutral
000013.jpg,a man with blonde hair,Neutral
000012.jpg,a man in a suit smiling at the camera,happy
000006.jpg,a woman with blonde hair and a white shirt,neutral
000589.jpg,a young girl with long hair smiling at the camera,happy
000576.jpg,a woman with a tennis racket and a racket,Neutral
000210.jpg,a man in a baseball uniform and cap,neutral
000204.jpg,a woman with a black shirt and a black jacket,Neutral
000562.jpg,lady gaga gaga,Neutral
000238.jpg,a woman with long hair and a black shirt,Neutral
000402.jpg,a man with a blue shirt and tie,neutral
000364.jpg,a woman smiling for the camera,Neutral
000370.jpg,a man in a suit and tie is looking at the camera,Neutral
000416.jpg,a young boy wearing a hat and a white shirt,Neutral
000358.jpg,a man smiling and wearing a black jacket,Neutral
000166.jpg,a man in uniform is looking at the camera,Neutral
000600.jpg,a woman with a black shirt and a black shirt,Neutral
000614.jpg,a woman with long hair and a white shirt,Neutral
000172.jpg,a woman with short hair and a gold necklace,Neutral
000628.jpg,a man in sunglasses and a hat smiles at the camera,Neutral
000158.jpg,a man in a suit and tie,Neutral
000602.jpg,a woman with blonde hair and a black shirt,Neutral
000164.jpg,a man in a suit and tie posing for a photo,Neutral
000170.jpg,a woman with red hair and bangs,Neutral
000616.jpg,a woman with long black hair and a green dress,happy
000428.jpg,a man in a suit and tie smiling,Neutral
000366.jpg,a man in a hat and a black shirt,Neutral
000400.jpg,a man in a red hat and black shirt,Neutral
000414.jpg,a man in a blue shirt and tie smiling,happy
000372.jpg,a woman with long red hair and a white dress,Neutral
000399.jpg,a woman with blonde hair and blue eyes,neutral
000548.jpg,a woman with long black hair and a black top,neutral
000212.jpg,a man with a beard and a black shirt,Neutral
000574.jpg,a woman with long hair and a smile,Neutral
000560.jpg,a man with a bald haircut and a white shirt,neutral
000206.jpg,a man with a beard and a blue shirt,Neutral
000038.jpg,a man in a suit smiling at the camera,Neutral
000010.jpg,jennifer vandere,happy
000004.jpg,a woman with long hair and a pink lipstick,Neutral
000005.jpg,a woman with a blue shirt and a white shirt,neutral
000011.jpg,a woman with long hair and a black dress,Neutral
000039.jpg,a woman with long hair and a black dress,Neutral
000561.jpg,a man with a beard and a white shirt,Neutral
000207.jpg,a woman with short hair and a black shirt,Neutral
000213.jpg,a man with grey hair and a beard,neutral
000575.jpg,a man with sunglasses and a white shirt,Neutral
000549.jpg,a model with long hair and a white top,neutral
000398.jpg,a man with long hair and a beard,Neutral
000415.jpg,a woman with long hair and a white shirt,Neutral
000373.jpg,a woman wearing sunglasses and a white shirt,Neutral
000367.jpg,a man with a microphone in his hand,Neutral
000401.jpg,a man in a suit and tie standing in front of a wall,fear
000429.jpg,a man with long hair and a tie,Neutral
000171.jpg,a man in a suit and tie posing for a photo,Neutral
000617.jpg,a man in a white shirt and tie,happy
000603.jpg,a man with a black shirt and tie,Neutral
000165.jpg,a woman with long hair and a black shirt,neutral
000159.jpg,a woman with blonde hair and a black shirt,Neutral
000161.jpg,a woman with long hair and blue eyes,Neutral
000607.jpg,a woman with long brown hair and a white shirt,Neutral
000613.jpg,a woman with long hair and a white shirt,happy
000175.jpg,a woman with a blue jacket and a white shirt,Neutral
000149.jpg,a woman with her mouth open and a hat on,Neutral
000405.jpg,a woman with a white shirt and a black hair,Neutral
000363.jpg,a man with a suit and tie standing in front of a building,Neutral
000377.jpg,gerard gosselin net worth the world,neutral
000411.jpg,a woman with blonde hair and a white smile,happy
000439.jpg,a man in a white shirt and red tie,Neutral
000388.jpg,kelly kelly kelly kelly kelly kelly kelly kelly kelly kelly kelly kelly kelly kelly kelly kelly kelly kelly kelly kelly,happy
000571.jpg,a man in a suit and tie is talking,Neutral
000217.jpg,short hairscuts for women over 50,Neutral
000203.jpg,a man with a beard and a blue shirt,neutral
000565.jpg,a woman with long hair and a black top,happy
000559.jpg,a man with a black shirt and a black shirt,neutral
000015.jpg,a man in a suit and tie,Neutral
000001.jpg,a woman with long hair and a hat,Neutral
000029.jpg,a woman with blonde hair and blue eyes,Neutral
000028.jpg,a woman with long hair and a smile,Neutral
000014.jpg,beyonce knowles,Neutral
000558.jpg,a man in a suit and tie posing for a photo,Neutral
000202.jpg,a man in a suit and sunglasses looking off to the side,Neutral
000564.jpg,a man with a red hat and a white shirt,Neutral
000570.jpg,a woman with long hair and a white shirt,neutral
000216.jpg,rihanna williams,neutral
000389.jpg,a man with a black shirt and a black jacket,happy
000438.jpg,a man in a suit and tie is looking at the camera,Neutral
000376.jpg,a man with a beard and a black shirt,Neutral
000410.jpg,a woman with red hair,Neutral
000404.jpg,a woman with long hair and a smile,Neutral
000362.jpg,a man with a beard and a black shirt,neutral
000148.jpg,a woman with a black shirt and a black tie,Neutral
000612.jpg,a woman with long black hair and a black dress,Neutral
000174.jpg,a woman with red hair and a white shirt,happy
000160.jpg,a man with a black shirt and a black shirt,neutral
000606.jpg,a woman with a white shirt and a black tie,Neutral
000176.jpg,a woman with a blue shirt and a white shirt,Neutral
000610.jpg,a woman with long black hair and a black shirt,Neutral
000604.jpg,a man with a beard and a white shirt,Neutral
000162.jpg,a woman with long hair and a white shirt,Neutral
000638.jpg,a woman with long black hair and a white shirt,neutral
000189.jpg,a woman with red hair and a necklace,sad
000412.jpg,a woman with a black shirt and a white shirt,Neutral
000374.jpg,a woman with long hair and blue eyes,Neutral
000360.jpg,a man with a beard and a black shirt,Neutral
000406.jpg,a man with a white shirt and a black tie,happy
000348.jpg,a woman in a black hat and gold necklace,Neutral
000566.jpg,a woman with a large earrings on her head,Neutral
000566.jpg,a blur of a tree in the background,Neutral
000200.jpg,a man in a blue jacket and black shirt,neutral
000214.jpg,a man with long hair and a white shirt,happy
000572.jpg,a man with a beard and a black shirt,Neutral
000228.jpg,a woman with blonde hair and a white shirt,Neutral
000599.jpg,a woman with blonde hair and a white shirt,Neutral
000002.jpg,a woman with red hair,Neutral
000016.jpg,a man in a suit and tie posing for a photo,happy
000017.jpg,a woman in a red shirt smiles at the camera,Neutral
000003.jpg,a man in a suit and tie is looking at something,Neutral
000598.jpg,a woman with long brown hair and a white shirt,Neutral
000229.jpg,a man with glasses and a beard,Neutral
000215.jpg,a man in a suit and tie,neutral
000573.jpg,a man in a suit and tie looking at something,Neutral
000567.jpg,a woman with a toothbrush brushing her teeth,Neutral
000201.jpg,a woman with long blonde hair and blue eyes,Neutral
000349.jpg,a woman with long hair and a black jacket,Neutral
000361.jpg,a young girl with a black hair and bangs,Neutral
000407.jpg,a woman with long hair and a white shirt,Neutral
000413.jpg,a man with a microphone smiling at the camera,Neutral
000375.jpg,a woman with a red shirt and sunglasses,Neutral
000188.jpg,a man wearing sunglasses and a red shirt,Neutral
000605.jpg,a woman with blonde hair and a white shirt,happy
000163.jpg,a woman with long hair and a gold headpiece,Neutral
000177.jpg,a woman with a red lipstick and a white shirt,Neutral
000611.jpg,a woman with long brown hair and a red dress,Neutral
